Robert Barro|Macro & growth|Government debt, long-run growth, and the economic consequences of public policy.
Kenneth French|Finance|Showed how size and value help explain differences in stock returns.
Jagdish Bhagwati|Trade & geography|Explained how trade policy and economic growth can interact in unexpected ways.
Avinash Dixit|Theory & markets|Made imperfect competition and investment under uncertainty central to economic analysis.
Elhanan Helpman|Trade & geography|Connected international trade to innovation, firm organization, and growth.
Gene Grossman|Trade & geography|Explained how innovation and political influence shape international trade.
Ernst Fehr|Behavior & society|Put fairness, reciprocity, and social preferences into testable economic models.
Matthew Rabin|Behavior & society|Built models that take fairness and systematic departures from rational choice seriously.
John B. Taylor|Macro & growth|Developed a practical rule connecting interest rates to inflation and economic activity.
Jordi Galí|Macro & growth|Helped build modern models of monetary policy with sticky prices.
Mark Gertler|Macro & growth|Showed how financial frictions amplify ordinary economic shocks.
Nobuhiro Kiyotaki|Macro & growth|Explained how collateral and credit constraints can turn small shocks into large downturns.
John H. Moore|Theory & markets|Connected contracts, ownership, collateral, and the amplification of credit cycles.
Kevin M. Murphy|Labor & opportunity|Used economic models to study wages, inequality, addiction, and the value of health.
Anne Osborn Krueger|Trade & geography|Revealed the costs of rent-seeking and restrictions on international trade.
Jerry A. Hausman|Econometrics|Developed specification tests that help researchers choose credible empirical models.
David Forbes Hendry|Econometrics|Advanced the modeling, testing, and forecasting of economic time series.
M. Hashem Pesaran|Econometrics|Developed tools for dynamic panels, cross-sectional dependence, and forecasting.
Peter C. B. Phillips|Econometrics|Built foundations for inference with persistent and nonstationary economic data.
Sam Peltzman|Theory & markets|Examined how regulation changes incentives, behavior, and market outcomes.
Richard Posner|Theory & markets|Made economic reasoning an influential tool for analyzing legal rules and institutions.
Israel M. Kirzner|Innovation|Placed entrepreneurial discovery at the center of how markets coordinate activity.
Mark Granovetter|Behavior & society|Showed how social networks and weak ties shape economic opportunities.
Richard Blundell|Labor & opportunity|Developed methods to understand household spending, work, and responses to policy.
John A. List|Behavior & society|Brought economic experiments into real markets and everyday decisions.
Charles F. Manski|Econometrics|Showed what data can tell us when strong identifying assumptions are not credible.
Olivier Blanchard|Macro & growth|Explained unemployment, macroeconomic fluctuations, and the role of stabilization policy.
Marc Melitz|Trade & geography|Showed why differences between firms change the gains and consequences of trade.
Colin Camerer|Behavior & society|Used experiments and neuroscience to study how people make strategic decisions.
George Loewenstein|Behavior & society|Explored how emotion, attention, and judgments about the future shape choice.
Robert Hall|Macro & growth|Changed how economists understand consumption, employment, and business cycles.
Stewart Myers|Finance|Explained how financing choices interact with information and investment incentives.
Raghuram Rajan|Finance|Studied how banks, financial development, and organizational incentives affect the economy.
Manuel Arellano|Econometrics|Created widely used methods for learning from dynamic panel data.
Steve Bond|Econometrics|Helped develop tools for estimating dynamic models with repeated observations.
Wesley M. Cohen|Innovation|Explained how firms absorb outside knowledge and turn research into innovation.
Daniel A. Levinthal|Innovation|Modeled organizational learning, absorptive capacity, and adaptation.
David M. Kreps|Theory & markets|Developed tools for analyzing dynamic games, reputation, and decision-making.
W. Brian Arthur|Innovation|Explored increasing returns, path dependence, and the dynamics of complex economies.
Ariel Rubinstein|Theory & markets|Built influential models of bargaining and bounded rationality.
Søren Johansen|Econometrics|Developed a framework for finding long-run relationships among economic time series.
Katarina Juselius-Johansen|Econometrics|Made cointegrated time-series models useful for empirical macroeconomics.
David Dickey|Econometrics|Developed foundational tests for unit roots in time-series data.
Wayne Fuller|Econometrics|Built methods for time series, measurement error, and survey statistics.
Pierre Perron|Econometrics|Showed how structural breaks change the interpretation of persistent economic data.
Steven T. Berry|Theory & markets|Made it possible to estimate demand and competition in differentiated-product markets.
James A. Levinsohn|Trade & geography|Developed tools for studying demand, firm productivity, and international trade.
Ariél Pakes|Theory & markets|Built empirical methods for demand, firm dynamics, and industrial organization.
David B. Audretsch|Innovation|Studied how entrepreneurship and knowledge spillovers contribute to economic development.
David Teece|Innovation|Explained how firms profit from innovation and adapt their capabilities.
Carmen Reinhart|Finance|Assembled evidence on debt, banking crises, and recurring patterns in financial history.
Kenneth Rogoff|Macro & growth|Connected exchange rates, international finance, and the credibility of monetary policy.
Samuel Bowles|Behavior & society|Studied how institutions and incentives interact with cooperation and social preferences.
Richard Layard|Behavior & society|Connected unemployment, mental health, and well-being to economic policy.
Andrew Oswald|Behavior & society|Used data to study happiness, work, and the economic determinants of well-being.
Raj Chetty|Labor & opportunity|Mapped economic mobility and used administrative data to evaluate policy.
Edward Glaeser|Trade & geography|Explained why cities concentrate ideas, people, and economic opportunity.
Thomas Piketty|Labor & opportunity|Documented the long-run evolution of income and wealth concentration.
Emmanuel Saez|Labor & opportunity|Connected evidence on inequality to the design of taxes and transfers.
Gabriel Zucman|Labor & opportunity|Measured offshore wealth, tax avoidance, and the distribution of wealth.
Janet Currie|Labor & opportunity|Studied how childhood health and environmental conditions shape later-life outcomes.
Partha Dasgupta|Environment|Integrated natural resources, biodiversity, and human well-being into economic analysis.
Paolo Mauro|Macro & growth|Provided influential evidence linking corruption to investment and economic performance.
David Autor|Labor & opportunity|Explained how trade and technology reshape employment, occupations, and wages.
Lawrence F. Katz|Labor & opportunity|Studied changes in wage inequality, education, and neighborhood opportunity.
Marianne Bertrand|Labor & opportunity|Used field and empirical evidence to study discrimination and corporate decision-making.
Sendhil Mullainathan|Behavior & society|Combined behavioral economics and empirical methods to understand decisions and policy.
Nicholas Bloom|Macro & growth|Measured uncertainty and studied management practices and firm performance.
Susan Athey|Theory & markets|Advanced the economics of digital markets and methods for learning causal effects.
Hal Varian|Theory & markets|Explained the economics of information goods, digital markets, and consumer choice.
Michael Dean Woodford|Macro & growth|Built an influential framework for interest-rate policy in modern monetary economics.
Sidney G. Winter|Innovation|Explained firm routines and economic change through an evolutionary approach.
Ludwig Straub|Macro & growth|Studies how household heterogeneity changes saving, inequality, and stabilization policy.
Stefanie Stantcheva|Labor & opportunity|Studies tax design and how people understand economic policies.
Philipp Strack|Theory & markets|Develops models of information, learning, and decision-making.
Oleg Itskhoki|Trade & geography|Studies exchange rates, international trade, and the macroeconomic effects of globalization.
Isaiah Andrews|Econometrics|Develops reliable inference when identification is weak or empirical choices are uncertain.
Melissa Dell|Labor & opportunity|Uses historical variation to understand institutions and long-run development.
Emi Nakamura|Macro & growth|Uses price data and regional evidence to study monetary and fiscal policy.
Parag Pathak|Theory & markets|Designs and evaluates systems for allocating school places and other scarce opportunities.
Dave Donaldson|Trade & geography|Measures how transportation networks and trade change economic welfare.
Yuliy Sannikov|Theory & markets|Developed continuous-time methods for dynamic contracts and financial economics.
Roland Fryer|Labor & opportunity|Studies education, racial inequality, and the design of interventions.
Matthew Gentzkow|Behavior & society|Studies media, information, and their effects on political and economic behavior.
Amy Finkelstein|Labor & opportunity|Uses evidence to understand health insurance, medical spending, and social protection.
Jonathan Levin|Theory & markets|Studies market design, contracts, and the organization of digital markets.
Steven Levitt|Labor & opportunity|Uses empirical strategies to study crime, incentives, and everyday social outcomes.
Andrei Shleifer|Finance|Studies investor behavior, institutions, corporate governance, and financial markets.
Lawrence H. Summers|Macro & growth|Studied taxation, investment, labor markets, and the drivers of secular stagnation.
Sanford J. Grossman|Finance|Explained how prices reveal information and how ownership affects incentives.
